Date,🇨🇭 SPI TR (SIX)
1987-01-31,1049.7
1987-02-28,1007.2
1987-03-31,1024.1
1987-04-30,1006.1
1987-05-31,1001.4
1987-06-30,1045.5
1987-07-31,1121.7
1987-08-31,1127.0
1987-09-30,1173.2
1987-10-31,884.3
1987-11-30,786.0
1987-12-31,769.4
1988-01-31,764.99
1988-02-29,828.73
1988-03-31,812.26
1988-04-30,822.21
1988-05-31,822.19
1988-06-30,869.43
1988-07-31,884.69
1988-08-31,885.5
1988-09-30,910.85
1988-10-31,936.43
1988-11-30,921.74
1988-12-31,942.5
1989-01-31,964.4
1989-02-28,955.6
1989-03-31,998.1
1989-04-30,1035.1
1989-05-31,1005.3
1989-06-30,1094.5
1989-07-31,1164.5
1989-08-31,1209.4
1989-09-30,1176.7
1989-10-31,1107.8
1989-11-30,1140.9
1989-12-31,1137.9
1990-01-31,1102.3
1990-02-28,1096.2
1990-03-31,1079.6
1990-04-30,1044.0
1990-05-31,1173.6
1990-06-30,1192.7
1990-07-31,1178.31
1990-08-31,1018.8
1990-09-30,894.5
1990-10-31,925.6
1990-11-30,901.3
1990-12-31,908.3
1991-01-31,924.8
1991-02-28,1017.9
1991-03-31,1059.1
1991-04-30,1073.7
1991-05-31,1123.4
1991-06-30,1091.4
1991-07-31,1123.3
1991-08-31,1122.5
1991-09-30,1078.8
1991-10-31,1078.8
1991-11-30,1040.2
1991-12-31,1052.8
1992-01-31,1111.5
1992-02-29,1149.6
1992-03-31,1138.9
1992-04-30,1169.6
1992-05-31,1203.6
1992-06-30,1174.95
1992-07-31,1135.45
1992-08-31,1096.02
1992-09-30,1145.77
1992-10-31,1152.76
1992-11-30,1151.28
1992-12-31,1238.57
1993-01-31,1264.17
1993-02-28,1286.76
1993-03-31,1343.76
1993-04-30,1323.71
1993-05-31,1414.12
1993-06-30,1493.6
1993-07-31,1517.95
1993-08-31,1573.66
1993-09-30,1562.52
1993-10-31,1703.99
1993-11-30,1738.63
1993-12-31,1867.84
1994-01-31,2007.47
1994-02-28,1850.25
1994-03-31,1805.41
1994-04-30,1781.13
1994-05-31,1789.92
1994-06-30,1729.02
1994-07-31,1709.83
1994-08-31,1744.35
1994-09-30,1683.39
1994-10-31,1660.83
1994-11-30,1708.79
1994-12-31,1725.53
1995-01-31,1661.29
1995-02-28,1700.4
1995-03-31,1640.85
1995-04-30,1697.36
1995-05-31,1818.18
1995-06-30,1866.53
1995-07-31,1871.33
1995-08-31,1909.9
1995-09-30,1966.95
1995-10-31,2009.29
1995-11-30,2085.66
1995-12-31,2123.43
1996-01-31,2122.27
1996-02-29,2177.74
1996-03-31,2325.46
1996-04-30,2352.06
1996-05-31,2299.26
1996-06-30,2407.04
1996-07-31,2251.89
1996-08-31,2342.99
1996-09-30,2393.95
1996-10-31,2394.05
1996-11-30,2492.21
1996-12-31,2511.88
1997-01-31,2728.33
1997-02-28,2851.56
1997-03-31,2946.25
1997-04-30,3094.65
1997-05-31,3195.56
1997-06-30,3548.37
1997-07-31,3752.66
1997-08-31,3378.83
1997-09-30,3626.07
1997-10-31,3474.77
1997-11-30,3634.65
1997-12-31,3898.15
1998-01-31,4078.41
1998-02-28,4426.14
1998-03-31,4716.64
1998-04-30,4657.6
1998-05-31,4823.96
1998-06-30,4932.36
1998-07-31,5146.74
1998-08-31,4216.71
1998-09-30,3692.44
1998-10-31,4143.33
1998-11-30,4462.95
1998-12-31,4497.12
1999-01-31,4532.24
1999-02-28,4470.42
1999-03-31,4539.26
1999-04-30,4714.57
1999-05-31,4494.29
1999-06-30,4530.85
1999-07-31,4531.51
1999-08-31,4607.21
1999-09-30,4570.61
1999-10-31,4705.24
1999-11-30,4877.5
1999-12-31,5022.86
2000-01-31,4717.22
2000-02-29,4750.92
2000-03-31,5075.78
2000-04-30,5062.73
2000-05-31,5269.66
2000-06-30,5293.34
2000-07-31,5504.14
2000-08-31,5681.82
2000-09-30,5423.6
2000-10-31,5572.9
2000-11-30,5533.21
2000-12-31,5621.13
2001-01-31,5564.09
2001-02-28,5320.82
2001-03-31,4952.28
2001-04-30,5064.11
2001-05-31,5183.45
2001-06-30,5006.54
2001-07-31,4732.71
2001-08-31,4540.71
2001-09-30,4085.51
2001-10-31,4137.99
2001-11-30,4260.27
2001-12-31,4382.94
2002-01-31,4265.15
2002-02-28,4332.86
2002-03-31,4561.61
2002-04-30,4519.16
2002-05-31,4546.05
2002-06-30,4146.93
2002-07-31,3623.48
2002-08-31,3652.39
2002-09-30,3336.21
2002-10-31,3442.53
2002-11-30,3561.69
2002-12-31,3245.5
2003-01-31,3089.68
2003-02-28,2907.11
2003-03-31,2882.43
2003-04-30,3235.31
2003-05-31,3310.52
2003-06-30,3437.73
2003-07-31,3620.38
2003-08-31,3674.7
2003-09-30,3626.43
2003-10-31,3769.49
2003-11-30,3842.74
2003-12-31,3961.58
2004-01-31,4152.32
2004-02-29,4221.28
2004-03-31,4098.04
2004-04-30,4252.39
2004-05-31,4161.31
2004-06-30,4166.47
2004-07-31,4098.61
2004-08-31,4016.27
2004-09-30,4057.34
2004-10-31,3987.28
2004-11-30,4052.75
2004-12-31,4234.56
2005-01-31,4305.72
2005-02-28,4435.52
2005-03-31,4456.72
2005-04-30,4444.06
2005-05-31,4645.39
2005-06-30,4752.39
2005-07-31,5025.01
2005-08-31,4977.17
2005-09-30,5271.01
2005-10-31,5338.4
2005-11-30,5601.68
2005-12-31,5742.41
2006-01-31,5928.95
2006-02-28,6012.26
2006-03-31,6163.39
2006-04-30,6251.53
2006-05-31,5924.57
2006-06-30,5955.64
2006-07-31,6175.15
2006-08-31,6357.87
2006-09-30,6567.56
2006-10-31,6700.4
2006-11-30,6663.75
2006-12-31,6929.18
2007-01-31,7241.78
2007-02-28,6974.44
2007-03-31,7183.53
2007-04-30,7620.11
2007-05-31,7682.32
2007-06-30,7514.07
2007-07-31,7271.66
2007-08-31,7231.45
2007-09-30,7262.53
2007-10-31,7372.14
2007-11-30,7154.69
2007-12-31,6925.44
2008-01-31,6234.18
2008-02-29,6188.55
2008-03-31,5961.47
2008-04-30,6294.68
2008-05-31,6333.56
2008-06-30,5855.52
2008-07-31,5964.48
2008-08-31,6061.78
2008-09-30,5563.93
2008-10-31,5044.85
2008-11-30,4780.29
2008-12-31,4567.57
2009-01-31,4375.72
2009-02-28,3929.92
2009-03-31,4137.35
2009-04-30,4487.52
2009-05-31,4615.16
2009-06-30,4662.64
2009-07-31,5109.4
2009-08-31,5346.17
2009-09-30,5461.31
2009-10-31,5402.58
2009-11-30,5388.37
2009-12-31,5626.4
2010-01-31,5570.19
2010-02-28,5763.27
2010-03-31,6007.84
2010-04-30,5847.37
2010-05-31,5562.49
2010-06-30,5407.82
2010-07-31,5489.77
2010-08-31,5465.25
2010-09-30,5594.62
2010-10-31,5754.64
2010-11-30,5652.48
2010-12-31,5790.62
2011-01-31,5814.95
2011-02-28,5952.3
2011-03-31,5791.55
2011-04-30,6013.04
2011-05-31,6023.04
2011-06-30,5684.5
2011-07-31,5315.45
2011-08-31,5049.37
2011-09-30,5006.46
2011-10-31,5211.91
2011-11-30,5131.31
2011-12-31,5343.52
2012-01-31,5412.5
2012-02-29,5584.32
2012-03-31,5715.79
2012-04-30,5697.4
2012-05-31,5456.06
2012-06-30,5633.27
2012-07-31,5915.33
2012-08-31,5903.73
2012-09-30,6010.92
2012-10-31,6088.61
2012-11-30,6275.35
2012-12-31,6290.52
2013-01-31,6789.4
2013-02-28,7024.53
2013-03-31,7243.46
2013-04-30,7424.88
2013-05-31,7495.05
2013-06-30,7247.62
2013-07-31,7398.59
2013-08-31,7353.92
2013-09-30,7611.23
2013-10-31,7829.04
2013-11-30,7867.29
2013-12-31,7838.0
2014-01-31,7830.51
2014-02-28,8160.44
2014-03-31,8202.18
2014-04-30,8333.7
2014-05-31,8557.99
2014-06-30,8455.66
2014-07-31,8329.69
2014-08-31,8566.25
2014-09-30,8695.61
2014-10-31,8691.83
2014-11-30,8992.9
2014-12-31,8857.03
2015-01-31,8262.63
2015-02-28,8921.78
2015-03-31,9137.24
2015-04-30,9208.19
2015-05-31,9377.54
2015-06-30,8918.62
2015-07-31,9559.21
2015-08-31,8984.61
2015-09-30,8679.82
2015-10-31,9133.48
2015-11-30,9232.94
2015-12-31,9093.97
2016-01-31,8610.7
2016-02-29,8249.38
2016-03-31,8316.61
2016-04-30,8566.82
2016-05-31,8887.41
2016-06-30,8660.22
2016-07-31,8828.2
2016-08-31,8915.79
2016-09-30,8883.25
2016-10-31,8578.7
2016-11-30,8623.48
2016-12-31,8965.7
2017-01-31,9063.32
2017-02-28,9367.08
2017-03-31,9637.82
2017-04-30,9976.11
2017-05-31,10248.87
2017-06-30,10128.34
2017-07-31,10310.53
2017-08-31,10177.22
2017-09-30,10447.33
2017-10-31,10604.4
2017-11-30,10674.94
2017-12-31,10751.51
2018-01-31,10737.45
2018-02-28,10258.63
2018-03-31,10189.89
2018-04-30,10524.92
2018-05-31,10164.78
2018-06-30,10327.29
2018-07-31,10898.11
2018-08-31,10740.34
2018-09-30,10807.82
2018-10-31,10635.53
2018-11-30,10540.95
2018-12-31,9830.06
2019-01-31,10514.35
2019-02-28,10964.46
2019-03-31,11241.19
2019-04-30,11735.16
2019-05-31,11544.54
2019-06-30,11977.38
2019-07-31,12064.45
2019-08-31,12060.92
2019-09-30,12233.13
2019-10-31,12337.05
2019-11-30,12676.11
2019-12-31,12837.5
2020-01-31,12870.99
2020-02-29,11897.75
2020-03-31,11319.54
2020-04-30,11905.85
2020-05-31,12246.05
2020-06-30,12436.03
2020-07-31,12407.39
2020-08-31,12658.85
2020-09-30,12724.65
2020-10-31,11994.43
2020-11-30,13003.41
2020-12-31,13327.88
2021-01-31,13192.93
2021-02-28,13134.38
2021-03-31,14015.01
2021-04-30,14179.11
2021-05-31,14668.99
2021-06-30,15347.05
2021-07-31,15578.26
2021-08-31,15947.7
2021-09-30,15044.61
2021-10-31,15613.26
2021-11-30,15532.99
2021-12-31,16444.52
2022-01-31,15512.8
2022-02-28,15171.55
2022-03-31,15538.57
2022-04-30,15603.08
2022-05-31,14918.98
2022-06-30,13834.34
2022-07-31,14446.39
2022-08-31,14003.7
2022-09-30,13166.38
2022-10-31,13803.08
2022-11-30,14199.52
2022-12-31,13734.86
2023-01-31,14490.3
2023-02-28,14303.48
2023-03-31,14547.08
2023-04-30,15072.98
2023-05-31,14788.51
2023-06-30,14861.77
2023-07-31,14927.07
2023-08-31,14664.72
2023-09-30,14368.61
2023-10-31,13616.23
2023-11-30,14236.35
2023-12-31,14571.23
2024-01-31,14571.23
2024-02-29,14652.029982758877
2024-03-31,15363.66870970259
2024-04-30,15144.937591556309
2024-05-31,16009.289460546068
2024-06-30,15947.38820172114
2024-07-31,16430.330711790848
2024-08-31,16582.133514216493
2024-09-30,16307.548655489663
2024-10-31,15791.866955604108
2024-11-30,15745.00098341285
2024-12-31,15506.13961333809
2025-01-31,16809.846894665654
2025-02-28,17227.30368365512
2025-03-31,17047.38680400113
2025-04-30,16856.022770693064
2025-05-31,17212.233525140826
2025-06-30,16888.615131537877
2025-07-31,16932.52249996284
2025-08-31,17352.842453887428
2025-09-30,17153.25049211516
2025-10-31,17402.154963808505
2025-11-30,18090.164320907836
2025-12-31,18670.157110105378
2026-01-31,18679.550493527146
2026-02-28,19689.254784708908
2026-03-31,18308.242050133023
2026-04-30,18987.915192402015
2026-05-31,19630.06986184807
2026-06-30,20484.07487678542
2026-07-31,20628.413261396232
